model,epoch,learning_rate,train_loss,train_top1,validation_loss,validation_top1,validation_top3,validation_top5,validation_top10
gomoku_cnn_default,1,0.001,2.4931,0.3162,2.0581,0.3877,0.6716,0.7796,0.8972
gomoku_cnn_default,2,0.001,1.8821,0.4368,1.8475,0.4479,0.7146,0.8169,0.9183
gomoku_cnn_default,3,0.001,1.7281,0.4769,1.7757,0.4541,0.7457,0.8427,0.9264
gomoku_cnn_default,4,0.001,1.6241,0.504,1.6503,0.4976,0.762,0.8475,0.9379
gomoku_cnn_default,5,0.001,1.5649,0.5166,1.5845,0.5229,0.7648,0.8451,0.9307
gomoku_cnn_default,6,0.001,1.515,0.5355,1.4988,0.532,0.7925,0.8628,0.9374
gomoku_cnn_default,7,0.001,1.4717,0.5471,1.5171,0.5339,0.7887,0.869,0.9417
gomoku_cnn_default,8,0.001,1.4255,0.5565,1.456,0.5502,0.7983,0.8652,0.9426
gomoku_cnn_default,9,0.001,1.3949,0.5671,1.4367,0.5578,0.8002,0.8685,0.9446
gomoku_cnn_default,10,0.001,1.3513,0.5808,1.4098,0.5688,0.8026,0.8733,0.9426
gomoku_cnn_default,11,0.001,1.3314,0.5829,1.5101,0.5421,0.7825,0.8518,0.9369
gomoku_cnn_default,12,0.001,1.304,0.5932,1.3741,0.5789,0.8016,0.8705,0.9512
gomoku_cnn_default,13,0.001,1.2758,0.6072,1.3715,0.5837,0.8059,0.8685,0.9422
gomoku_cnn_default,14,0.001,1.2578,0.6081,1.3777,0.5707,0.7978,0.8705,0.9484
gomoku_cnn_default,15,0.001,1.2177,0.6221,1.3326,0.5817,0.8188,0.881,0.946
gomoku_cnn_default,16,0.001,1.2209,0.6207,1.3844,0.5736,0.8155,0.8786,0.945
gomoku_cnn_default,17,0.001,1.1998,0.6263,1.3199,0.5985,0.8112,0.8757,0.9489
gomoku_cnn_default,18,0.001,1.1884,0.626,1.3467,0.6028,0.8078,0.8738,0.9474
gomoku_cnn_default,19,0.001,1.1651,0.6386,1.3097,0.6133,0.8141,0.8767,0.9446
gomoku_cnn_default,20,0.001,1.1519,0.6414,1.2905,0.6099,0.8145,0.8838,0.9517
gomoku_cnn_epoch_10,1,0.001,2.4931,0.3162,2.0581,0.3877,0.6716,0.7796,0.8972
gomoku_cnn_epoch_10,2,0.001,1.8821,0.4368,1.8475,0.4479,0.7146,0.8169,0.9183
gomoku_cnn_epoch_10,3,0.001,1.7281,0.4769,1.7757,0.4541,0.7457,0.8427,0.9264
gomoku_cnn_epoch_10,4,0.001,1.6241,0.504,1.6503,0.4976,0.762,0.8475,0.9379
gomoku_cnn_epoch_10,5,0.001,1.5649,0.5166,1.5845,0.5229,0.7648,0.8451,0.9307
gomoku_cnn_epoch_10,6,0.001,1.515,0.5355,1.4988,0.532,0.7925,0.8628,0.9374
gomoku_cnn_epoch_10,7,0.001,1.4717,0.5471,1.5171,0.5339,0.7887,0.869,0.9417
gomoku_cnn_epoch_10,8,0.001,1.4255,0.5565,1.456,0.5502,0.7983,0.8652,0.9426
gomoku_cnn_epoch_10,9,0.001,1.3949,0.5671,1.4367,0.5578,0.8002,0.8685,0.9446
gomoku_cnn_epoch_10,10,0.001,1.3513,0.5808,1.4098,0.5688,0.8026,0.8733,0.9426
gomoku_cnn_epoch_40,1,0.001,2.4931,0.3162,2.0581,0.3877,0.6716,0.7796,0.8972
gomoku_cnn_epoch_40,2,0.001,1.8821,0.4368,1.8475,0.4479,0.7146,0.8169,0.9183
gomoku_cnn_epoch_40,3,0.001,1.7281,0.4769,1.7757,0.4541,0.7457,0.8427,0.9264
gomoku_cnn_epoch_40,4,0.001,1.6241,0.504,1.6503,0.4976,0.762,0.8475,0.9379
gomoku_cnn_epoch_40,5,0.001,1.5649,0.5166,1.5845,0.5229,0.7648,0.8451,0.9307
gomoku_cnn_epoch_40,6,0.001,1.515,0.5355,1.4988,0.532,0.7925,0.8628,0.9374
gomoku_cnn_epoch_40,7,0.001,1.4717,0.5471,1.5171,0.5339,0.7887,0.869,0.9417
gomoku_cnn_epoch_40,8,0.001,1.4255,0.5565,1.456,0.5502,0.7983,0.8652,0.9426
gomoku_cnn_epoch_40,9,0.001,1.3949,0.5671,1.4367,0.5578,0.8002,0.8685,0.9446
gomoku_cnn_epoch_40,10,0.001,1.3513,0.5808,1.4098,0.5688,0.8026,0.8733,0.9426
gomoku_cnn_epoch_40,11,0.001,1.3314,0.5829,1.5101,0.5421,0.7825,0.8518,0.9369
gomoku_cnn_epoch_40,12,0.001,1.304,0.5932,1.3741,0.5789,0.8016,0.8705,0.9512
gomoku_cnn_epoch_40,13,0.001,1.2758,0.6072,1.3715,0.5837,0.8059,0.8685,0.9422
gomoku_cnn_epoch_40,14,0.001,1.2578,0.6081,1.3777,0.5707,0.7978,0.8705,0.9484
gomoku_cnn_epoch_40,15,0.001,1.2177,0.6221,1.3326,0.5817,0.8188,0.881,0.946
gomoku_cnn_epoch_40,16,0.001,1.2209,0.6207,1.3844,0.5736,0.8155,0.8786,0.945
gomoku_cnn_epoch_40,17,0.001,1.1998,0.6263,1.3199,0.5985,0.8112,0.8757,0.9489
gomoku_cnn_epoch_40,18,0.001,1.1884,0.626,1.3467,0.6028,0.8078,0.8738,0.9474
gomoku_cnn_epoch_40,19,0.001,1.1651,0.6386,1.3097,0.6133,0.8141,0.8767,0.9446
gomoku_cnn_epoch_40,20,0.001,1.1519,0.6414,1.2905,0.6099,0.8145,0.8838,0.9517
gomoku_cnn_epoch_40,21,0.001,1.1331,0.6431,1.3266,0.6013,0.8059,0.8724,0.9465
gomoku_cnn_epoch_40,22,0.001,1.121,0.6469,1.2893,0.6018,0.8102,0.8748,0.9512
gomoku_cnn_epoch_40,23,0.001,1.1103,0.6532,1.3413,0.5989,0.804,0.8709,0.945
gomoku_cnn_epoch_40,24,0.001,1.0941,0.6577,1.2071,0.6372,0.8394,0.8905,0.9503
gomoku_cnn_epoch_40,25,0.001,1.0805,0.6615,1.2047,0.6319,0.8207,0.891,0.9484
gomoku_cnn_epoch_40,26,0.001,1.073,0.6648,1.2312,0.6185,0.8255,0.8872,0.9493
gomoku_cnn_epoch_40,27,0.001,1.056,0.6684,1.2117,0.6353,0.8322,0.8924,0.9489
gomoku_cnn_epoch_40,28,0.0005,1.0469,0.6721,1.2507,0.62,0.8293,0.8815,0.9512
gomoku_cnn_epoch_40,29,0.0005,0.9566,0.6996,1.1603,0.6458,0.8427,0.891,0.9498
gomoku_cnn_epoch_40,30,0.0005,0.9311,0.704,1.1584,0.6587,0.8384,0.8924,0.9503
gomoku_cnn_epoch_40,31,0.0005,0.9235,0.71,1.1234,0.6625,0.8513,0.903,0.9517
gomoku_cnn_epoch_40,32,0.0005,0.8968,0.7204,1.1456,0.6597,0.8394,0.8958,0.9489
gomoku_cnn_epoch_40,33,0.0005,0.8957,0.7168,1.112,0.6659,0.8399,0.8991,0.9512
gomoku_cnn_epoch_40,34,0.0005,0.8856,0.721,1.1271,0.6692,0.8466,0.8944,0.9517
gomoku_cnn_epoch_40,35,0.0005,0.874,0.723,1.1297,0.664,0.8437,0.8891,0.945
gomoku_cnn_epoch_40,36,0.00025,0.8646,0.7237,1.1488,0.6496,0.8489,0.8944,0.945
gomoku_cnn_epoch_40,37,0.00025,0.8218,0.74,1.1172,0.6716,0.8523,0.8963,0.9493
gomoku_cnn_epoch_40,38,0.00025,0.7974,0.7457,1.0951,0.6816,0.8566,0.903,0.9498
gomoku_cnn_epoch_40,39,0.00025,0.7815,0.7524,1.14,0.6625,0.8494,0.8958,0.945
gomoku_cnn_epoch_40,40,0.00025,0.7802,0.7522,1.1328,0.6773,0.8389,0.8963,0.9517
gomoku_cnn_batch_64,1,0.001,2.4015,0.3313,2.0761,0.3958,0.6711,0.7878,0.9054
gomoku_cnn_batch_64,2,0.001,1.8519,0.4438,1.797,0.4484,0.7333,0.836,0.9259
gomoku_cnn_batch_64,3,0.001,1.6935,0.4837,1.7001,0.4871,0.7462,0.8442,0.9321
gomoku_cnn_batch_64,4,0.001,1.6101,0.5011,1.6142,0.488,0.7543,0.8556,0.9345
gomoku_cnn_batch_64,5,0.001,1.5571,0.5204,1.5624,0.5354,0.7639,0.8561,0.9297
gomoku_cnn_batch_64,6,0.001,1.5075,0.5322,1.5184,0.5416,0.783,0.8604,0.9312
gomoku_cnn_batch_64,7,0.001,1.4556,0.5476,1.4471,0.5488,0.7988,0.8705,0.9436
gomoku_cnn_batch_64,8,0.001,1.4315,0.5569,1.4722,0.5425,0.7925,0.8585,0.9402
gomoku_cnn_batch_64,9,0.001,1.404,0.5632,1.3667,0.5856,0.8074,0.8752,0.945
gomoku_cnn_batch_64,10,0.001,1.362,0.5765,1.4287,0.5535,0.7887,0.8676,0.9503
gomoku_cnn_batch_64,11,0.001,1.3374,0.5849,1.3612,0.5822,0.8117,0.8738,0.9355
gomoku_cnn_batch_64,12,0.001,1.3043,0.5959,1.3498,0.5784,0.8102,0.8786,0.9393
gomoku_cnn_batch_64,13,0.001,1.2772,0.6038,1.3544,0.5798,0.8121,0.8767,0.9402
gomoku_cnn_batch_64,14,0.001,1.2601,0.6044,1.3503,0.5808,0.8069,0.8733,0.9479
gomoku_cnn_batch_64,15,0.001,1.2308,0.6146,1.3406,0.5798,0.816,0.8795,0.9398
gomoku_cnn_batch_64,16,0.001,1.2221,0.6203,1.3566,0.5784,0.8107,0.8791,0.9446
gomoku_cnn_batch_64,17,0.001,1.2029,0.6235,1.3062,0.5975,0.8112,0.8762,0.9455
gomoku_cnn_batch_64,18,0.001,1.184,0.6284,1.2939,0.6128,0.8021,0.8709,0.9455
gomoku_cnn_batch_64,19,0.001,1.165,0.6359,1.2691,0.6219,0.8184,0.8819,0.9455
gomoku_cnn_batch_64,20,0.001,1.1642,0.6352,1.236,0.6267,0.8274,0.8838,0.9469
gomoku_cnn_batch_256,1,0.001,2.6412,0.2882,2.0713,0.3795,0.6711,0.7897,0.9001
gomoku_cnn_batch_256,2,0.001,1.9263,0.4269,1.8314,0.4498,0.7232,0.825,0.9183
gomoku_cnn_batch_256,3,0.001,1.76,0.4739,1.702,0.4737,0.7467,0.8408,0.9326
gomoku_cnn_batch_256,4,0.001,1.6438,0.5006,1.6271,0.5,0.7643,0.8499,0.9316
gomoku_cnn_batch_256,5,0.001,1.5591,0.5241,1.6371,0.5091,0.7533,0.8408,0.9316
gomoku_cnn_batch_256,6,0.001,1.5294,0.5326,1.5616,0.5215,0.7739,0.8585,0.9355
gomoku_cnn_batch_256,7,0.001,1.4704,0.5513,1.534,0.5296,0.7868,0.8633,0.9364
gomoku_cnn_batch_256,8,0.001,1.4224,0.5627,1.4778,0.5507,0.7882,0.8652,0.9379
gomoku_cnn_batch_256,9,0.001,1.4031,0.5677,1.4159,0.5707,0.7916,0.8733,0.9474
gomoku_cnn_batch_256,10,0.001,1.3548,0.5835,1.431,0.5731,0.8026,0.8714,0.9422
gomoku_cnn_batch_256,11,0.001,1.3319,0.5886,1.4145,0.5569,0.7968,0.8642,0.9398
gomoku_cnn_batch_256,12,0.001,1.2888,0.6059,1.4072,0.5607,0.8045,0.8681,0.9431
gomoku_cnn_batch_256,13,0.001,1.2618,0.6107,1.3251,0.5923,0.8164,0.8767,0.9436
gomoku_cnn_batch_256,14,0.001,1.2623,0.6111,1.4154,0.5688,0.7854,0.8676,0.945
gomoku_cnn_batch_256,15,0.001,1.2153,0.6266,1.3202,0.5841,0.8121,0.8767,0.9498
gomoku_cnn_batch_256,16,0.001,1.2123,0.6263,1.3258,0.5846,0.8136,0.8858,0.9455
gomoku_cnn_batch_256,17,0.001,1.186,0.6293,1.3212,0.6013,0.8117,0.8738,0.9469
gomoku_cnn_batch_256,18,0.0005,1.1825,0.6351,1.3673,0.5798,0.8016,0.8681,0.9508
gomoku_cnn_batch_256,19,0.0005,1.0814,0.6661,1.2125,0.641,0.8341,0.8901,0.9479
gomoku_cnn_batch_256,20,0.0005,1.0449,0.6742,1.1881,0.642,0.8332,0.8963,0.9489
gomoku_cnn_lr_5e-4,1,0.0005,2.5858,0.3017,2.0822,0.3963,0.6544,0.7825,0.9015
gomoku_cnn_lr_5e-4,2,0.0005,1.931,0.432,1.9011,0.4446,0.7127,0.805,0.9144
gomoku_cnn_lr_5e-4,3,0.0005,1.762,0.4709,1.8003,0.4627,0.7337,0.8303,0.9259
gomoku_cnn_lr_5e-4,4,0.0005,1.6483,0.4999,1.6657,0.4847,0.7572,0.8461,0.9336
gomoku_cnn_lr_5e-4,5,0.0005,1.5861,0.5162,1.5973,0.5201,0.761,0.8533,0.9312
gomoku_cnn_lr_5e-4,6,0.0005,1.5166,0.5382,1.5189,0.5249,0.7811,0.8599,0.9412
gomoku_cnn_lr_5e-4,7,0.0005,1.4771,0.5491,1.5555,0.5268,0.7715,0.8585,0.9345
gomoku_cnn_lr_5e-4,8,0.0005,1.4266,0.5625,1.4893,0.5449,0.7859,0.8566,0.9383
gomoku_cnn_lr_5e-4,9,0.0005,1.3892,0.5753,1.4317,0.5727,0.7973,0.8681,0.9398
gomoku_cnn_lr_5e-4,10,0.0005,1.3439,0.5896,1.4159,0.5774,0.794,0.8728,0.9436
gomoku_cnn_lr_5e-4,11,0.0005,1.3217,0.5915,1.4911,0.5521,0.7777,0.858,0.9369
gomoku_cnn_lr_5e-4,12,0.0005,1.2913,0.6008,1.3511,0.5956,0.7992,0.8724,0.9479
gomoku_cnn_lr_5e-4,13,0.0005,1.2583,0.6137,1.3539,0.597,0.8035,0.8762,0.9441
gomoku_cnn_lr_5e-4,14,0.0005,1.2307,0.6218,1.3207,0.5903,0.815,0.8791,0.946
gomoku_cnn_lr_5e-4,15,0.0005,1.1973,0.6279,1.3179,0.598,0.8155,0.8791,0.9479
gomoku_cnn_lr_5e-4,16,0.0005,1.2018,0.6307,1.4029,0.5722,0.8059,0.8834,0.9417
gomoku_cnn_lr_5e-4,17,0.0005,1.1801,0.6376,1.3269,0.5966,0.8145,0.8781,0.9455
gomoku_cnn_lr_5e-4,18,0.0005,1.1648,0.6388,1.3071,0.6157,0.8131,0.8728,0.9431
gomoku_cnn_lr_5e-4,19,0.0005,1.1384,0.6518,1.3057,0.609,0.8274,0.8824,0.946
gomoku_cnn_lr_5e-4,20,0.0005,1.1239,0.6538,1.2712,0.6109,0.8303,0.891,0.9512
gomoku_cnn_lr_2e-3,1,0.002,2.5141,0.3086,2.1245,0.3915,0.6773,0.7725,0.8934
gomoku_cnn_lr_2e-3,2,0.002,1.8763,0.4372,1.8891,0.435,0.7089,0.815,0.9173
gomoku_cnn_lr_2e-3,3,0.002,1.7185,0.4746,1.7463,0.4622,0.7462,0.8413,0.9297
gomoku_cnn_lr_2e-3,4,0.002,1.6269,0.5019,1.6951,0.489,0.7624,0.8518,0.924
gomoku_cnn_lr_2e-3,5,0.002,1.5791,0.5144,1.5836,0.522,0.7653,0.8513,0.9312
gomoku_cnn_lr_2e-3,6,0.002,1.51,0.5328,1.5732,0.5196,0.7653,0.8494,0.9331
gomoku_cnn_lr_2e-3,7,0.002,1.4782,0.5441,1.4959,0.5306,0.7772,0.8576,0.9455
gomoku_cnn_lr_2e-3,8,0.002,1.4376,0.5578,1.4656,0.5445,0.793,0.8576,0.9383
gomoku_cnn_lr_2e-3,9,0.002,1.4119,0.5638,1.3813,0.5798,0.7964,0.8733,0.9503
gomoku_cnn_lr_2e-3,10,0.002,1.3623,0.5785,1.4185,0.565,0.793,0.8714,0.9446
gomoku_cnn_lr_2e-3,11,0.002,1.3399,0.579,1.4144,0.5698,0.7983,0.8671,0.9412
gomoku_cnn_lr_2e-3,12,0.001,1.3193,0.5877,1.3909,0.5784,0.7973,0.8685,0.9388
gomoku_cnn_lr_2e-3,13,0.001,1.2125,0.6239,1.2754,0.6205,0.8117,0.8843,0.9465
gomoku_cnn_lr_2e-3,14,0.001,1.1834,0.6302,1.2617,0.6123,0.8145,0.8791,0.9498
gomoku_cnn_lr_2e-3,15,0.001,1.1512,0.6428,1.251,0.6099,0.8222,0.8886,0.9474
gomoku_cnn_lr_2e-3,16,0.001,1.1589,0.6405,1.267,0.6099,0.8174,0.8858,0.946
gomoku_cnn_lr_2e-3,17,0.001,1.1363,0.6454,1.2251,0.6262,0.8337,0.8934,0.946
gomoku_cnn_lr_2e-3,18,0.001,1.1274,0.6502,1.2418,0.62,0.8193,0.8829,0.9484
gomoku_cnn_lr_2e-3,19,0.001,1.1105,0.6591,1.2794,0.608,0.826,0.8881,0.9489
gomoku_cnn_lr_2e-3,20,0.001,1.0977,0.6555,1.2006,0.6362,0.8293,0.8924,0.9508
gomoku_cnn_channel_32,1,0.001,2.7527,0.2613,2.2285,0.3638,0.6334,0.7514,0.8858
gomoku_cnn_channel_32,2,0.001,2.024,0.4053,1.9352,0.4355,0.6926,0.8011,0.9111
gomoku_cnn_channel_32,3,0.001,1.8277,0.4532,1.8562,0.457,0.7118,0.8064,0.9092
gomoku_cnn_channel_32,4,0.001,1.7172,0.4835,1.6501,0.4995,0.7553,0.8509,0.9269
gomoku_cnn_channel_32,5,0.001,1.6502,0.5044,1.6756,0.4857,0.7433,0.8403,0.9321
gomoku_cnn_channel_32,6,0.001,1.6034,0.5092,1.6041,0.4962,0.7696,0.8552,0.9364
gomoku_cnn_channel_32,7,0.001,1.5389,0.5286,1.5526,0.5282,0.7777,0.8609,0.934
gomoku_cnn_channel_32,8,0.001,1.5055,0.5338,1.5323,0.5282,0.7772,0.8571,0.9326
gomoku_cnn_channel_32,9,0.001,1.4732,0.5489,1.5458,0.5435,0.7667,0.8513,0.9359
gomoku_cnn_channel_32,10,0.001,1.4471,0.5519,1.4854,0.5545,0.7792,0.8552,0.9383
gomoku_cnn_channel_32,11,0.001,1.4165,0.5669,1.5157,0.5488,0.7758,0.847,0.9355
gomoku_cnn_channel_32,12,0.001,1.3898,0.5657,1.4316,0.5669,0.7949,0.8728,0.9412
gomoku_cnn_channel_32,13,0.001,1.3694,0.5773,1.4253,0.5712,0.7887,0.8542,0.9402
gomoku_cnn_channel_32,14,0.001,1.3511,0.5856,1.5342,0.5502,0.7835,0.8556,0.9388
gomoku_cnn_channel_32,15,0.001,1.339,0.5859,1.3843,0.5727,0.7973,0.8762,0.9493
gomoku_cnn_channel_32,16,0.001,1.3114,0.5957,1.3918,0.588,0.794,0.8662,0.9407
gomoku_cnn_channel_32,17,0.001,1.2941,0.5971,1.3632,0.5841,0.8021,0.8776,0.9422
gomoku_cnn_channel_32,18,0.001,1.2845,0.6054,1.336,0.5856,0.7992,0.8719,0.9455
gomoku_cnn_channel_32,19,0.001,1.2695,0.6086,1.3833,0.577,0.7978,0.8652,0.9431
gomoku_cnn_channel_32,20,0.001,1.2527,0.6097,1.4749,0.5574,0.7806,0.858,0.9388
gomoku_cnn_channel_128,1,0.001,2.5148,0.3065,2.1214,0.3829,0.6592,0.7868,0.9039
gomoku_cnn_channel_128,2,0.001,1.8297,0.4478,2.0236,0.4015,0.675,0.8021,0.913
gomoku_cnn_channel_128,3,0.001,1.6818,0.4842,1.6452,0.4861,0.762,0.8623,0.9393
gomoku_cnn_channel_128,4,0.001,1.5792,0.5162,1.6077,0.5053,0.7615,0.8513,0.9345
gomoku_cnn_channel_128,5,0.001,1.5212,0.5298,1.5745,0.5057,0.7691,0.8614,0.9364
gomoku_cnn_channel_128,6,0.001,1.4641,0.5496,1.5267,0.5368,0.7806,0.8652,0.9398
gomoku_cnn_channel_128,7,0.001,1.4226,0.5583,1.4305,0.5435,0.8011,0.8819,0.9422
gomoku_cnn_channel_128,8,0.001,1.3833,0.5716,1.4091,0.5707,0.7978,0.8724,0.9441
gomoku_cnn_channel_128,9,0.001,1.3442,0.5823,1.436,0.543,0.7959,0.8709,0.9465
gomoku_cnn_channel_128,10,0.001,1.3088,0.5934,1.382,0.5913,0.8126,0.8805,0.9469
gomoku_cnn_channel_128,11,0.001,1.2865,0.5994,1.3601,0.5789,0.8069,0.8728,0.9474
gomoku_cnn_channel_128,12,0.001,1.2564,0.6079,1.3825,0.5641,0.8031,0.8757,0.9469
gomoku_cnn_channel_128,13,0.001,1.229,0.6207,1.3056,0.6033,0.8188,0.8824,0.9469
gomoku_cnn_channel_128,14,0.001,1.203,0.6226,1.3415,0.5999,0.8045,0.8752,0.9455
gomoku_cnn_channel_128,15,0.001,1.1818,0.6344,1.2807,0.608,0.8227,0.8877,0.9493
gomoku_cnn_channel_128,16,0.001,1.1651,0.636,1.3267,0.5798,0.8298,0.8929,0.9474
gomoku_cnn_channel_128,17,0.001,1.1474,0.6397,1.244,0.6023,0.8322,0.8939,0.9493
gomoku_cnn_channel_128,18,0.001,1.1299,0.6477,1.2721,0.5989,0.8279,0.9006,0.9522
gomoku_cnn_channel_128,19,0.001,1.0902,0.6578,1.3047,0.5961,0.8289,0.8891,0.9517
gomoku_cnn_channel_128,20,0.001,1.0961,0.6556,1.222,0.6252,0.8322,0.8848,0.9517
gomoku_cnn_block_2,1,0.001,2.7271,0.2664,2.1741,0.3795,0.6381,0.7562,0.8924
gomoku_cnn_block_2,2,0.001,2.0047,0.4124,1.9686,0.4154,0.695,0.7992,0.9168
gomoku_cnn_block_2,3,0.001,1.8138,0.4616,1.7692,0.4723,0.7419,0.8341,0.9197
gomoku_cnn_block_2,4,0.001,1.6874,0.4855,1.6896,0.4785,0.7481,0.8351,0.9293
gomoku_cnn_block_2,5,0.001,1.6227,0.5109,1.6558,0.4938,0.7624,0.8461,0.9364
gomoku_cnn_block_2,6,0.001,1.5591,0.5252,1.5162,0.5287,0.7772,0.859,0.9417
gomoku_cnn_block_2,7,0.001,1.5096,0.5406,1.4906,0.5435,0.782,0.8695,0.9431
gomoku_cnn_block_2,8,0.001,1.4686,0.5543,1.5269,0.5306,0.7863,0.8595,0.9431
gomoku_cnn_block_2,9,0.001,1.4495,0.5562,1.4558,0.5454,0.7859,0.8561,0.9383
gomoku_cnn_block_2,10,0.001,1.4121,0.5703,1.4261,0.5698,0.7921,0.8666,0.9426
gomoku_cnn_block_2,11,0.001,1.3777,0.5772,1.4356,0.5598,0.8054,0.8709,0.9436
gomoku_cnn_block_2,12,0.001,1.3647,0.5795,1.4689,0.5526,0.7949,0.8709,0.9398
gomoku_cnn_block_2,13,0.001,1.3415,0.5897,1.4075,0.5741,0.7988,0.8647,0.9436
gomoku_cnn_block_2,14,0.001,1.3153,0.5951,1.4195,0.5588,0.7997,0.8738,0.9402
gomoku_cnn_block_2,15,0.001,1.2934,0.6029,1.3738,0.5703,0.805,0.8681,0.9398
gomoku_cnn_block_2,16,0.001,1.2754,0.6084,1.3947,0.5679,0.8074,0.8776,0.9417
gomoku_cnn_block_2,17,0.001,1.2645,0.613,1.3461,0.5851,0.8093,0.8781,0.9422
gomoku_cnn_block_2,18,0.001,1.2563,0.6162,1.354,0.5813,0.8203,0.8867,0.9388
gomoku_cnn_block_2,19,0.001,1.2186,0.6265,1.3197,0.6042,0.8131,0.8743,0.9417
gomoku_cnn_block_2,20,0.001,1.2119,0.6306,1.3524,0.5999,0.8112,0.8791,0.9431
gomoku_cnn_block_10,1,0.001,2.5449,0.3048,2.1346,0.3815,0.6597,0.7792,0.8991
gomoku_cnn_block_10,2,0.001,1.8491,0.4457,1.8054,0.4551,0.7328,0.8341,0.9297
gomoku_cnn_block_10,3,0.001,1.7011,0.4828,1.7116,0.4924,0.7505,0.8389,0.9235
gomoku_cnn_block_10,4,0.001,1.591,0.5118,1.657,0.4947,0.7734,0.858,0.9302
gomoku_cnn_block_10,5,0.001,1.5467,0.5241,1.4872,0.5339,0.7839,0.8638,0.9379
gomoku_cnn_block_10,6,0.001,1.4914,0.5408,1.6021,0.5158,0.7648,0.8619,0.9398
gomoku_cnn_block_10,7,0.001,1.4462,0.5511,1.4314,0.5521,0.7949,0.8748,0.9379
gomoku_cnn_block_10,8,0.001,1.4033,0.5637,1.4214,0.5607,0.7892,0.8638,0.9345
gomoku_cnn_block_10,9,0.001,1.3636,0.574,1.5012,0.5368,0.7968,0.8776,0.9402
gomoku_cnn_block_10,10,0.001,1.3292,0.5813,1.3633,0.5755,0.804,0.8705,0.9402
gomoku_cnn_block_10,11,0.001,1.3134,0.5894,1.3302,0.5908,0.8107,0.8786,0.9508
gomoku_cnn_block_10,12,0.001,1.293,0.5972,1.2871,0.6099,0.8198,0.8853,0.9398
gomoku_cnn_block_10,13,0.001,1.2661,0.5994,1.3298,0.5884,0.8112,0.8776,0.9417
gomoku_cnn_block_10,14,0.001,1.2355,0.6142,1.3342,0.5923,0.8102,0.8791,0.9431
gomoku_cnn_block_10,15,0.0005,1.2268,0.6168,1.3046,0.5913,0.8222,0.8858,0.9455
gomoku_cnn_block_10,16,0.0005,1.1292,0.6441,1.2133,0.6272,0.827,0.8915,0.9469
gomoku_cnn_block_10,17,0.0005,1.0965,0.6565,1.2137,0.6171,0.8284,0.8905,0.9508
gomoku_cnn_block_10,18,0.0005,1.0787,0.6577,1.2404,0.6147,0.8255,0.8891,0.9441
gomoku_cnn_block_10,19,0.00025,1.0597,0.6641,1.2272,0.6243,0.8212,0.8901,0.9517
gomoku_cnn_block_10,20,0.00025,1.0089,0.6796,1.1413,0.6467,0.8375,0.8972,0.9541
